{
  "title": "Spotlight Omnisearch",
  "description": "A powerful search tool that allows you to search for anything in your game, including documents, compendiums, files, settings and more.",
  "id": "spotlight-omnisearch",
  "version": "0.3.4",
  "authors": [
    {
      "name": "theripper93",
      "email": "tsplab@gmail.com",
      "url": "https://www.patreon.com/theripper93"
    }
  ],
  "languages": [
    {
      "lang": "en",
      "name": "English",
      "path": "languages/en.json"
    },
    {
      "lang": "ja",
      "name": "日本語",
      "path": "languages/ja.json"
    },
    {
      "lang": "de",
      "name": "Deutsch",
      "path": "languages/de.json"
    },
    {
      "lang": "fr",
      "name": "Français",
      "path": "languages/fr.json"
    },
    {
      "lang": "es",
      "name": "Español",
      "path": "languages/es.json"
    },
    {
      "lang": "pt-br",
      "name": "Português (Brasil)",
      "path": "languages/pt-br.json"
    },
    {
      "lang": "it",
      "name": "Italiano",
      "path": "languages/it.json"
    }
  ],
  "scripts": [],
  "esmodules": [
    "index.js"
  ],
  "styles": [
    "styles/module.css"
  ],
  "packs": [],
  "url": "https://www.patreon.com/theripper93",
  "manifest": "https://foundryvtt.s3.us-west-2.amazonaws.com/modules/spotlight-omnisearch/module.json",
  "relationships": {
    "requires": []
  },
  "compatibility": {
    "minimum": "11",
    "verified": "11"
  },
  "protected": true
}